25/02/2008 0:20:14,HallBedroomDoor,None
25/02/2008 9:33:41,HallBedroomDoor,GoToBed
25/02/2008 9:33:47,HallBedroomDoor,GoToBed
25/02/2008 9:36:43,HallToiletDoor,None
25/02/2008 9:37:20,HallBathroomDoor,UseToilet
25/02/2008 9:37:51,ToiletFlush,UseToilet
25/02/2008 9:37:55,ToiletFlush,UseToilet
25/02/2008 9:37:58,HallBathroomDoor,UseToilet
25/02/2008 9:49:27,PlatesCupboard,PrepareBreakfast
25/02/2008 9:49:31,PlatesCupboard,PrepareBreakfast
25/02/2008 9:49:39,Fridge,PrepareBreakfast
25/02/2008 9:49:53,Fridge,PrepareBreakfast
25/02/2008 9:49:58,Microwave,PrepareBreakfast
25/02/2008 9:50:39,GroceriesCupboard,PrepareBreakfast
25/02/2008 9:52:11,Microwave,PrepareBreakfast
25/02/2008 9:53:22,GroceriesCupboard,PrepareBreakfast
25/02/2008 9:57:24,Dishwasher,None
25/02/2008 9:57:45,PlatesCupboard,None
25/02/2008 9:58:33,PansCupboard,None
25/02/2008 9:59:17,CupsCupboard,None
25/02/2008 10:00:00,PlatesCupboard,None
25/02/2008 10:02:31,HallToiletDoor,TakeShower
25/02/2008 10:10:15,HallToiletDoor,TakeShower
25/02/2008 10:10:20,HallToiletDoor,TakeShower
25/02/2008 10:19:28,Frontdoor,LeaveHouse
25/02/2008 16:54:37,Frontdoor,LeaveHouse
25/02/2008 16:59:04,Fridge,None
25/02/2008 16:59:14,GroceriesCupboard,None
25/02/2008 16:59:48,Fridge,None
25/02/2008 17:00:33,HallBathroomDoor,UseToilet
25/02/2008 17:01:22,ToiletFlush,UseToilet
25/02/2008 17:01:28,HallBathroomDoor,UseToilet
25/02/2008 17:17:39,PansCupboard,None
25/02/2008 17:17:43,PansCupboard,None
25/02/2008 17:17:49,PansCupboard,None
25/02/2008 17:19:38,Frontdoor,None
25/02/2008 17:22:48,PansCupboard,None
25/02/2008 17:55:01,Fridge,GetDrink
25/02/2008 17:55:06,Fridge,GetDrink
25/02/2008 17:55:08,CupsCupboard,GetDrink
25/02/2008 17:55:12,CupsCupboard,GetDrink
25/02/2008 17:55:15,CupsCupboard,GetDrink
25/02/2008 17:55:27,Fridge,GetDrink
25/02/2008 17:55:42,Fridge,GetDrink
25/02/2008 18:31:58,HallBathroomDoor,UseToilet
25/02/2008 18:32:08,HallBathroomDoor,UseToilet
25/02/2008 18:33:05,ToiletFlush,UseToilet
25/02/2008 18:33:33,HallBathroomDoor,UseToilet
25/02/2008 19:21:34,HallBedroomDoor,None
25/02/2008 19:21:39,HallBedroomDoor,None
25/02/2008 19:36:17,CupsCupboard,None
25/02/2008 19:40:27,GroceriesCupboard,PrepareDinner
25/02/2008 19:40:47,Fridge,PrepareDinner
25/02/2008 19:41:00,Fridge,PrepareDinner
25/02/2008 19:41:03,Fridge,PrepareDinner
25/02/2008 19:41:09,Fridge,PrepareDinner
25/02/2008 19:41:23,Fridge,PrepareDinner
25/02/2008 19:41:42,GroceriesCupboard,PrepareDinner
25/02/2008 19:47:03,Fridge,PrepareDinner
25/02/2008 19:54:10,PlatesCupboard,PrepareDinner
25/02/2008 19:56:00,PansCupboard,PrepareDinner
25/02/2008 19:56:03,PansCupboard,PrepareDinner
25/02/2008 19:56:20,CupsCupboard,PrepareDinner
25/02/2008 19:56:25,CupsCupboard,PrepareDinner
25/02/2008 19:57:19,Freezer,PrepareDinner
25/02/2008 20:00:33,Fridge,PrepareDinner
25/02/2008 20:00:50,Fridge,PrepareDinner
25/02/2008 20:01:46,Fridge,PrepareDinner
25/02/2008 20:01:56,PlatesCupboard,PrepareDinner
25/02/2008 20:04:20,Microwave,PrepareDinner
25/02/2008 20:04:46,Microwave,PrepareDinner
25/02/2008 20:10:44,Fridge,PrepareDinner
25/02/2008 20:18:03,Fridge,PrepareDinner
25/02/2008 20:19:49,PlatesCupboard,PrepareDinner
25/02/2008 20:20:29,Fridge,PrepareDinner
25/02/2008 20:23:14,Fridge,GetDrink
25/02/2008 20:23:32,Fridge,GetDrink
25/02/2008 21:08:49,HallToiletDoor,None
25/02/2008 21:08:51,HallToiletDoor,None
25/02/2008 21:45:40,Fridge,None
25/02/2008 21:51:32,HallBathroomDoor,UseToilet
25/02/2008 21:51:37,HallBathroomDoor,UseToilet
25/02/2008 21:52:08,ToiletFlush,UseToilet
25/02/2008 21:52:29,HallBathroomDoor,UseToilet
25/02/2008 21:54:46,Frontdoor,None
25/02/2008 21:55:35,PlatesCupboard,None
25/02/2008 21:56:02,Microwave,None
25/02/2008 21:59:02,Microwave,None
25/02/2008 23:05:57,Dishwasher,None
25/02/2008 23:06:02,Dishwasher,None
25/02/2008 23:11:41,PansCupboard,None
25/02/2008 23:19:08,Dishwasher,None
25/02/2008 23:21:24,HallBedroomDoor,None
25/02/2008 23:22:31,HallToiletDoor,None
25/02/2008 23:28:31,HallBathroomDoor,UseToilet
25/02/2008 23:28:36,HallBathroomDoor,UseToilet
25/02/2008 23:30:12,HallToiletDoor,None
25/02/2008 23:31:53,HallBedroomDoor,None
25/02/2008 23:32:33,HallBedroomDoor,None
26/02/2008 0:38:49,HallBedroomDoor,None
26/02/2008 0:38:52,HallToiletDoor,None
26/02/2008 0:38:53,HallBedroomDoor,None
26/02/2008 0:39:00,HallToiletDoor,None
26/02/2008 0:39:03,HallToiletDoor,None
26/02/2008 0:39:09,HallToiletDoor,None
26/02/2008 0:39:22,HallToiletDoor,UseToilet
26/02/2008 0:39:25,ToiletFlush,UseToilet
26/02/2008 0:39:46,HallToiletDoor,UseToilet
26/02/2008 0:40:22,HallToiletDoor,None
26/02/2008 0:40:58,HallToiletDoor,None
26/02/2008 0:46:22,HallBedroomDoor,GoToBed
26/02/2008 0:46:27,HallBedroomDoor,GoToBed
26/02/2008 3:13:41,HallBathroomDoor,UseToilet
26/02/2008 3:14:36,ToiletFlush,UseToilet
26/02/2008 3:14:39,HallBathroomDoor,UseToilet
26/02/2008 8:35:57,HallBedroomDoor,None
26/02/2008 8:36:00,HallBathroomDoor,UseToilet
26/02/2008 8:36:01,HallBedroomDoor,UseToilet
26/02/2008 8:36:08,HallBedroomDoor,UseToilet
26/02/2008 8:36:33,HallBathroomDoor,UseToilet
26/02/2008 9:15:24,HallBedroomDoor,GoToBed
26/02/2008 9:15:29,HallBedroomDoor,GoToBed
26/02/2008 9:15:40,HallBathroomDoor,UseToilet
26/02/2008 9:18:44,HallBathroomDoor,UseToilet
26/02/2008 9:18:44,ToiletFlush,UseToilet
26/02/2008 9:26:45,PlatesCupboard,PrepareBreakfast
26/02/2008 9:26:50,GroceriesCupboard,PrepareBreakfast
26/02/2008 9:27:16,GroceriesCupboard,PrepareBreakfast
26/02/2008 9:28:32,Fridge,PrepareBreakfast
26/02/2008 9:28:58,Fridge,PrepareBreakfast
26/02/2008 9:48:12,HallToiletDoor,TakeShower
26/02/2008 9:48:16,HallToiletDoor,TakeShower
26/02/2008 9:58:04,HallToiletDoor,TakeShower
26/02/2008 9:58:09,HallToiletDoor,TakeShower
26/02/2008 10:06:18,Frontdoor,LeaveHouse
26/02/2008 20:31:35,Frontdoor,LeaveHouse
26/02/2008 20:31:39,Frontdoor,LeaveHouse
26/02/2008 20:33:41,HallBathroomDoor,LeaveHouse
26/02/2008 21:02:40,HallBathroomDoor,UseToilet
26/02/2008 21:03:49,ToiletFlush,UseToilet
26/02/2008 21:03:52,HallBathroomDoor,UseToilet
26/02/2008 21:39:29,Fridge,GetDrink
26/02/2008 21:39:34,Fridge,GetDrink
26/02/2008 21:40:00,CupsCupboard,GetDrink
26/02/2008 21:40:03,Fridge,GetDrink
26/02/2008 22:10:51,Frontdoor,None
26/02/2008 22:10:55,Frontdoor,None
26/02/2008 22:56:02,HallBathroomDoor,UseToilet
26/02/2008 22:57:57,ToiletFlush,UseToilet
26/02/2008 22:58:28,HallBathroomDoor,UseToilet
26/02/2008 22:58:31,HallBathroomDoor,UseToilet
26/02/2008 22:58:35,HallBathroomDoor,UseToilet
26/02/2008 22:58:41,HallBathroomDoor,UseToilet
26/02/2008 22:58:53,HallBathroomDoor,UseToilet
26/02/2008 22:59:17,HallBathroomDoor,UseToilet
26/02/2008 22:59:54,HallBathroomDoor,UseToilet
26/02/2008 23:00:30,HallBathroomDoor,UseToilet
26/02/2008 23:01:52,HallToiletDoor,None
27/02/2008 5:29:23,HallBedroomDoor,UseToilet
27/02/2008 5:29:30,HallBathroomDoor,UseToilet
27/02/2008 5:30:14,ToiletFlush,UseToilet
27/02/2008 5:30:16,HallBathroomDoor,UseToilet
27/02/2008 8:00:17,HallBedroomDoor,GoToBed
27/02/2008 8:00:22,HallBedroomDoor,GoToBed
27/02/2008 8:01:25,PlatesCupboard,PrepareBreakfast
27/02/2008 8:01:31,GroceriesCupboard,PrepareBreakfast
27/02/2008 8:01:52,Fridge,PrepareBreakfast
27/02/2008 8:01:57,Fridge,PrepareBreakfast
27/02/2008 8:13:30,HallBathroomDoor,UseToilet
27/02/2008 8:13:35,HallBathroomDoor,UseToilet
27/02/2008 8:15:37,ToiletFlush,UseToilet
27/02/2008 8:15:40,HallBathroomDoor,UseToilet
27/02/2008 8:26:34,HallToiletDoor,TakeShower
27/02/2008 8:26:38,HallToiletDoor,TakeShower
27/02/2008 8:34:37,Frontdoor,LeaveHouse
27/02/2008 18:58:31,Frontdoor,LeaveHouse
27/02/2008 18:59:56,GroceriesCupboard,PrepareDinner
27/02/2008 19:00:01,Fridge,PrepareDinner
27/02/2008 19:02:11,PansCupboard,PrepareDinner
27/02/2008 19:02:26,Fridge,PrepareDinner
27/02/2008 19:03:12,Freezer,PrepareDinner
27/02/2008 19:05:15,Fridge,PrepareDinner
27/02/2008 19:05:39,Fridge,PrepareDinner
27/02/2008 19:08:12,Fridge,PrepareDinner
27/02/2008 19:09:03,PlatesCupboard,PrepareDinner
27/02/2008 19:16:30,PlatesCupboard,PrepareDinner
27/02/2008 19:19:54,CupsCupboard,GetDrink
27/02/2008 19:19:59,Fridge,GetDrink
27/02/2008 20:35:28,HallBathroomDoor,UseToilet
27/02/2008 20:35:56,ToiletFlush,UseToilet
27/02/2008 20:35:58,HallBathroomDoor,UseToilet
27/02/2008 23:03:26,HallBathroomDoor,UseToilet
27/02/2008 23:05:22,ToiletFlush,UseToilet
27/02/2008 23:05:31,HallBathroomDoor,UseToilet
27/02/2008 23:06:12,Dishwasher,None
27/02/2008 23:06:29,PlatesCupboard,None
27/02/2008 23:06:43,CupsCupboard,None
27/02/2008 23:06:52,CupsCupboard,None
27/02/2008 23:10:57,PansCupboard,None
27/02/2008 23:16:52,PlatesCupboard,None
27/02/2008 23:20:18,Fridge,None
27/02/2008 23:20:39,Fridge,None
27/02/2008 23:23:09,Fridge,None
27/02/2008 23:23:57,Fridge,None
27/02/2008 23:26:19,HallBathroomDoor,UseToilet
27/02/2008 23:37:01,ToiletFlush,UseToilet
27/02/2008 23:37:05,ToiletFlush,UseToilet
27/02/2008 23:37:09,HallToiletDoor,UseToilet
27/02/2008 23:42:20,PansCupboard,None
28/02/2008 0:10:42,HallToiletDoor,None
28/02/2008 0:11:10,HallBathroomDoor,UseToilet
28/02/2008 0:13:38,ToiletFlush,UseToilet
28/02/2008 0:13:42,HallBathroomDoor,UseToilet
28/02/2008 0:13:46,HallBathroomDoor,UseToilet
28/02/2008 0:13:52,HallBathroomDoor,UseToilet
28/02/2008 0:13:54,HallToiletDoor,UseToilet
28/02/2008 0:15:43,HallToiletDoor,None
28/02/2008 0:16:11,HallToiletDoor,None
28/02/2008 0:20:18,HallBedroomDoor,GoToBed
28/02/2008 7:05:39,HallBedroomDoor,GoToBed
28/02/2008 7:05:44,HallBedroomDoor,GoToBed
28/02/2008 7:06:31,HallBathroomDoor,UseToilet
28/02/2008 7:07:16,ToiletFlush,UseToilet
28/02/2008 7:07:19,HallBathroomDoor,UseToilet
28/02/2008 9:48:13,HallBedroomDoor,GoToBed
28/02/2008 9:48:19,HallBedroomDoor,GoToBed
28/02/2008 9:48:57,HallBathroomDoor,UseToilet
28/02/2008 9:49:28,HallBathroomDoor,UseToilet
28/02/2008 9:49:29,ToiletFlush,UseToilet
28/02/2008 9:50:05,PlatesCupboard,PrepareBreakfast
28/02/2008 9:50:10,GroceriesCupboard,PrepareBreakfast
28/02/2008 9:50:34,GroceriesCupboard,PrepareBreakfast
28/02/2008 9:50:37,GroceriesCupboard,PrepareBreakfast
28/02/2008 9:50:43,GroceriesCupboard,PrepareBreakfast
28/02/2008 9:50:55,GroceriesCupboard,PrepareBreakfast
28/02/2008 9:51:19,GroceriesCupboard,PrepareBreakfast
28/02/2008 9:51:55,GroceriesCupboard,PrepareBreakfast
28/02/2008 9:51:57,Fridge,PrepareBreakfast
28/02/2008 10:35:28,HallBathroomDoor,UseToilet
28/02/2008 10:37:42,ToiletFlush,UseToilet
28/02/2008 10:37:46,HallBathroomDoor,UseToilet
28/02/2008 10:38:03,HallToiletDoor,TakeShower
28/02/2008 10:46:21,HallToiletDoor,TakeShower
28/02/2008 10:46:25,HallToiletDoor,TakeShower
28/02/2008 10:58:16,Frontdoor,LeaveHouse
28/02/2008 18:34:21,Frontdoor,LeaveHouse
28/02/2008 18:35:25,Fridge,None
28/02/2008 18:35:39,Microwave,None
28/02/2008 18:37:02,Microwave,None
28/02/2008 18:37:18,Fridge,None
28/02/2008 18:37:28,Microwave,None
28/02/2008 18:48:14,HallBathroomDoor,UseToilet
28/02/2008 18:48:41,ToiletFlush,UseToilet
28/02/2008 18:48:44,HallBathroomDoor,UseToilet
28/02/2008 18:49:20,HallToiletDoor,None
28/02/2008 18:49:25,HallToiletDoor,None
28/02/2008 18:53:38,Frontdoor,LeaveHouse
28/02/2008 21:35:13,Frontdoor,LeaveHouse
28/02/2008 21:40:43,HallBathroomDoor,UseToilet
28/02/2008 21:42:03,ToiletFlush,UseToilet
28/02/2008 21:42:17,HallBathroomDoor,UseToilet
28/02/2008 22:20:59,GroceriesCupboard,None
28/02/2008 22:21:04,GroceriesCupboard,None
28/02/2008 22:22:43,HallToiletDoor,None
28/02/2008 22:22:48,HallToiletDoor,None
28/02/2008 23:23:18,HallToiletDoor,UseToilet
28/02/2008 23:23:36,HallBathroomDoor,UseToilet
28/02/2008 23:23:39,HallBathroomDoor,UseToilet
28/02/2008 23:24:19,ToiletFlush,UseToilet
28/02/2008 23:24:22,HallBathroomDoor,UseToilet
28/02/2008 23:24:43,HallToiletDoor,UseToilet
29/02/2008 8:03:19,HallBedroomDoor,UseToilet
29/02/2008 8:03:22,HallBathroomDoor,UseToilet
29/02/2008 8:03:25,HallBathroomDoor,UseToilet
29/02/2008 8:03:30,HallBedroomDoor,GoToBed
29/02/2008 8:04:13,HallBathroomDoor,UseToilet
29/02/2008 10:20:48,HallBedroomDoor,GoToBed
29/02/2008 10:20:53,HallBedroomDoor,GoToBed
29/02/2008 10:22:49,PlatesCupboard,PrepareBreakfast
29/02/2008 10:22:57,GroceriesCupboard,PrepareBreakfast
29/02/2008 10:23:14,Fridge,PrepareBreakfast
29/02/2008 10:30:05,HallBathroomDoor,UseToilet
29/02/2008 10:30:30,ToiletFlush,UseToilet
29/02/2008 10:30:31,ToiletFlush,UseToilet
29/02/2008 10:30:33,HallBathroomDoor,UseToilet
29/02/2008 10:30:59,HallToiletDoor,TakeShower
29/02/2008 10:31:08,HallToiletDoor,TakeShower
29/02/2008 10:38:10,HallToiletDoor,TakeShower
29/02/2008 10:38:15,HallToiletDoor,TakeShower
29/02/2008 10:48:55,Frontdoor,LeaveHouse
29/02/2008 18:17:34,Frontdoor,LeaveHouse
29/02/2008 18:18:16,Fridge,LeaveHouse
29/02/2008 18:41:45,Frontdoor,LeaveHouse
29/02/2008 19:20:53,Frontdoor,LeaveHouse
29/02/2008 19:24:07,HallBathroomDoor,UseToilet
29/02/2008 19:24:56,ToiletFlush,UseToilet
29/02/2008 19:25:01,HallBathroomDoor,UseToilet
29/02/2008 19:41:43,Dishwasher,None
29/02/2008 19:41:48,Dishwasher,None
29/02/2008 19:45:15,Fridge,PrepareDinner
29/02/2008 19:46:09,CupsCupboard,PrepareDinner
29/02/2008 19:46:13,PlatesCupboard,PrepareDinner
29/02/2008 19:46:43,Fridge,PrepareDinner
29/02/2008 19:47:00,GroceriesCupboard,PrepareDinner
29/02/2008 19:47:21,Fridge,PrepareDinner
29/02/2008 19:49:37,PansCupboard,PrepareDinner
29/02/2008 20:10:23,Fridge,PrepareDinner
29/02/2008 20:13:08,PansCupboard,PrepareDinner
29/02/2008 20:37:59,PansCupboard,PrepareDinner
29/02/2008 20:43:39,Fridge,PrepareDinner
29/02/2008 20:43:43,Fridge,PrepareDinner
29/02/2008 20:43:50,Fridge,PrepareDinner
29/02/2008 20:44:02,PansCupboard,PrepareDinner
29/02/2008 20:45:08,Fridge,PrepareDinner
29/02/2008 20:51:45,CupsCupboard,PrepareDinner
29/02/2008 20:51:53,PlatesCupboard,PrepareDinner
29/02/2008 20:52:02,PansCupboard,PrepareDinner
29/02/2008 20:52:04,PansCupboard,PrepareDinner
29/02/2008 20:52:13,PansCupboard,PrepareDinner
29/02/2008 20:52:25,PansCupboard,PrepareDinner
29/02/2008 20:52:49,PansCupboard,PrepareDinner
29/02/2008 20:53:26,PansCupboard,PrepareDinner
29/02/2008 20:55:11,Fridge,PrepareDinner
29/02/2008 20:55:14,Freezer,PrepareDinner
29/02/2008 20:55:45,Fridge,PrepareDinner
29/02/2008 20:58:41,PansCupboard,PrepareDinner
29/02/2008 20:59:43,Fridge,PrepareDinner
29/02/2008 22:03:22,Frontdoor,LeaveHouse
29/02/2008 22:03:47,Frontdoor,LeaveHouse
02/03/2008 19:37:41,Frontdoor,LeaveHouse
02/03/2008 20:32:17,HallToiletDoor,None
02/03/2008 20:32:22,HallToiletDoor,None
02/03/2008 20:32:32,Washingmachine,None
02/03/2008 20:37:08,HallBathroomDoor,UseToilet
02/03/2008 20:37:36,ToiletFlush,UseToilet
02/03/2008 20:37:39,HallBathroomDoor,UseToilet
02/03/2008 20:38:51,HallBedroomDoor,None
02/03/2008 20:38:56,HallBedroomDoor,None
02/03/2008 20:38:57,HallToiletDoor,None
02/03/2008 20:56:43,HallBedroomDoor,None
02/03/2008 20:56:48,HallBedroomDoor,None
02/03/2008 20:57:35,Freezer,PrepareDinner
02/03/2008 21:00:33,PlatesCupboard,PrepareDinner
02/03/2008 21:00:39,PlatesCupboard,PrepareDinner
02/03/2008 21:00:47,Freezer,PrepareDinner
02/03/2008 21:01:11,Freezer,PrepareDinner
02/03/2008 21:49:38,Washingmachine,None
02/03/2008 21:49:43,Washingmachine,None
02/03/2008 21:57:59,HallBathroomDoor,UseToilet
02/03/2008 21:58:03,HallBathroomDoor,UseToilet
02/03/2008 21:58:11,HallBathroomDoor,UseToilet
02/03/2008 21:58:25,ToiletFlush,UseToilet
02/03/2008 22:03:14,HallBathroomDoor,UseToilet
02/03/2008 22:03:40,ToiletFlush,UseToilet
02/03/2008 22:03:43,HallBathroomDoor,UseToilet
03/03/2008 8:49:53,HallBedroomDoor,GoToBed
03/03/2008 8:49:58,HallBedroomDoor,GoToBed
03/03/2008 8:50:27,HallBathroomDoor,UseToilet
03/03/2008 8:52:07,HallBathroomDoor,UseToilet
03/03/2008 9:01:38,PlatesCupboard,PrepareBreakfast
03/03/2008 9:01:44,GroceriesCupboard,PrepareBreakfast
03/03/2008 9:01:48,GroceriesCupboard,PrepareBreakfast
03/03/2008 9:02:00,PlatesCupboard,PrepareBreakfast
03/03/2008 9:02:04,GroceriesCupboard,PrepareBreakfast
03/03/2008 9:02:07,Fridge,PrepareBreakfast
03/03/2008 9:02:25,Fridge,PrepareBreakfast
03/03/2008 9:17:23,HallToiletDoor,TakeShower
03/03/2008 9:17:41,HallToiletDoor,TakeShower
03/03/2008 9:31:35,HallToiletDoor,TakeShower
03/03/2008 9:31:40,HallToiletDoor,TakeShower
03/03/2008 9:45:05,Frontdoor,LeaveHouse
04/03/2008 9:07:50,Frontdoor,LeaveHouse
04/03/2008 9:10:44,HallBathroomDoor,UseToilet
04/03/2008 9:11:25,HallBathroomDoor,UseToilet
04/03/2008 9:11:26,ToiletFlush,UseToilet
04/03/2008 9:11:30,HallBathroomDoor,UseToilet
04/03/2008 9:12:36,HallToiletDoor,None
04/03/2008 9:16:17,Frontdoor,LeaveHouse
04/03/2008 18:19:48,Frontdoor,LeaveHouse
04/03/2008 18:20:35,HallBathroomDoor,UseToilet
04/03/2008 18:22:54,ToiletFlush,UseToilet
04/03/2008 18:22:58,HallBathroomDoor,UseToilet
04/03/2008 18:22:59,HallToiletDoor,UseToilet
04/03/2008 18:24:15,Washingmachine,None
04/03/2008 18:29:10,HallBathroomDoor,None
04/03/2008 18:30:37,Frontdoor,LeaveHouse
04/03/2008 23:43:27,Frontdoor,LeaveHouse
04/03/2008 23:45:16,HallBathroomDoor,UseToilet
04/03/2008 23:46:18,Washingmachine,None
04/03/2008 23:52:14,Fridge,GetDrink
04/03/2008 23:52:28,CupsCupboard,GetDrink
04/03/2008 23:52:43,Fridge,GetDrink
05/03/2008 0:01:22,HallBathroomDoor,UseToilet
05/03/2008 0:04:18,ToiletFlush,UseToilet
05/03/2008 0:04:25,HallToiletDoor,UseToilet
05/03/2008 0:18:13,HallToiletDoor,UseToilet
05/03/2008 0:18:18,HallToiletDoor,UseToilet
05/03/2008 0:20:28,HallBathroomDoor,UseToilet
05/03/2008 0:21:26,ToiletFlush,UseToilet
05/03/2008 0:21:55,HallToiletDoor,UseToilet
05/03/2008 5:58:57,HallBedroomDoor,GoToBed
05/03/2008 5:59:02,HallBedroomDoor,GoToBed
05/03/2008 6:00:19,HallBathroomDoor,UseToilet
05/03/2008 6:00:54,ToiletFlush,UseToilet
05/03/2008 6:00:59,HallBathroomDoor,UseToilet
05/03/2008 9:27:42,HallBedroomDoor,GoToBed
05/03/2008 9:27:47,HallBedroomDoor,GoToBed
05/03/2008 9:28:58,HallBathroomDoor,UseToilet
05/03/2008 9:29:26,ToiletFlush,UseToilet
05/03/2008 9:29:30,HallBathroomDoor,UseToilet
05/03/2008 9:29:59,PlatesCupboard,PrepareBreakfast
05/03/2008 9:30:04,GroceriesCupboard,PrepareBreakfast
05/03/2008 9:30:27,Fridge,PrepareBreakfast
05/03/2008 9:30:35,GroceriesCupboard,PrepareBreakfast
05/03/2008 9:30:47,Fridge,PrepareBreakfast
05/03/2008 9:45:47,HallToiletDoor,TakeShower
05/03/2008 9:45:52,HallToiletDoor,TakeShower
05/03/2008 9:45:58,HallBathroomDoor,TakeShower
05/03/2008 9:53:08,HallToiletDoor,TakeShower
05/03/2008 9:53:13,HallToiletDoor,TakeShower
05/03/2008 10:12:01,Frontdoor,LeaveHouse
05/03/2008 19:48:30,Frontdoor,LeaveHouse
05/03/2008 19:52:44,Freezer,None
05/03/2008 19:55:15,GroceriesCupboard,None
05/03/2008 19:55:43,PlatesCupboard,None
05/03/2008 20:13:24,HallBathroomDoor,UseToilet
05/03/2008 20:14:21,ToiletFlush,UseToilet
05/03/2008 20:14:29,HallBathroomDoor,UseToilet
05/03/2008 20:15:06,PansCupboard,PrepareDinner
05/03/2008 20:15:19,PansCupboard,PrepareDinner
05/03/2008 20:20:02,PlatesCupboard,PrepareDinner
05/03/2008 20:20:13,Fridge,PrepareDinner
05/03/2008 20:20:28,Fridge,PrepareDinner
05/03/2008 20:20:34,Fridge,PrepareDinner
05/03/2008 20:23:08,PlatesCupboard,PrepareDinner
05/03/2008 22:58:02,HallToiletDoor,None
05/03/2008 23:07:05,HallBathroomDoor,UseToilet
05/03/2008 23:08:02,ToiletFlush,UseToilet
05/03/2008 23:08:14,HallBathroomDoor,UseToilet
05/03/2008 23:30:38,HallToiletDoor,None
05/03/2008 23:30:43,HallToiletDoor,None
05/03/2008 23:32:51,HallBathroomDoor,UseToilet
05/03/2008 23:33:11,ToiletFlush,UseToilet
05/03/2008 23:33:12,ToiletFlush,UseToilet
05/03/2008 23:33:15,ToiletFlush,UseToilet
05/03/2008 23:33:22,ToiletFlush,UseToilet
05/03/2008 23:33:34,ToiletFlush,UseToilet
05/03/2008 23:33:58,ToiletFlush,UseToilet
06/03/2008 4:37:34,HallBedroomDoor,GoToBed
06/03/2008 4:37:39,HallBedroomDoor,GoToBed
06/03/2008 4:38:06,HallBathroomDoor,UseToilet
06/03/2008 4:38:48,HallBathroomDoor,UseToilet
06/03/2008 8:38:53,HallBedroomDoor,GoToBed
06/03/2008 8:38:58,HallBedroomDoor,GoToBed
06/03/2008 8:39:37,HallBathroomDoor,UseToilet
06/03/2008 8:40:11,HallBathroomDoor,UseToilet
06/03/2008 9:04:14,PansCupboard,PrepareBreakfast
06/03/2008 9:04:35,Fridge,PrepareBreakfast
06/03/2008 9:04:51,Fridge,PrepareBreakfast
06/03/2008 9:04:54,Fridge,PrepareBreakfast
06/03/2008 9:05:00,Fridge,PrepareBreakfast
06/03/2008 9:05:01,PlatesCupboard,PrepareBreakfast
06/03/2008 9:05:23,Fridge,PrepareBreakfast
06/03/2008 9:07:19,Freezer,PrepareBreakfast
06/03/2008 9:07:26,PlatesCupboard,PrepareBreakfast
06/03/2008 9:07:51,Freezer,PrepareBreakfast
06/03/2008 9:09:09,CupsCupboard,PrepareBreakfast
06/03/2008 9:09:28,Microwave,PrepareBreakfast
06/03/2008 9:09:58,Fridge,PrepareBreakfast
06/03/2008 9:38:53,HallBathroomDoor,UseToilet
06/03/2008 9:40:02,ToiletFlush,UseToilet
06/03/2008 9:42:24,ToiletFlush,UseToilet
06/03/2008 9:42:31,HallBathroomDoor,UseToilet
06/03/2008 9:42:41,HallToiletDoor,UseToilet
06/03/2008 10:23:22,HallToiletDoor,TakeShower
06/03/2008 10:23:27,HallToiletDoor,TakeShower
06/03/2008 10:30:14,HallToiletDoor,TakeShower
06/03/2008 10:30:18,HallToiletDoor,TakeShower
06/03/2008 10:38:08,Frontdoor,LeaveHouse
06/03/2008 17:41:12,Frontdoor,LeaveHouse
06/03/2008 17:46:05,Fridge,GetDrink
06/03/2008 17:46:24,Fridge,GetDrink
06/03/2008 18:52:49,HallBathroomDoor,UseToilet
06/03/2008 18:53:44,ToiletFlush,UseToilet
06/03/2008 18:53:46,ToiletFlush,UseToilet
06/03/2008 18:53:48,HallBathroomDoor,UseToilet
06/03/2008 18:54:15,GroceriesCupboard,PrepareDinner
06/03/2008 18:54:40,Freezer,PrepareDinner
06/03/2008 19:00:45,CupsCupboard,PrepareDinner
06/03/2008 19:01:00,PansCupboard,PrepareDinner
06/03/2008 19:01:50,PansCupboard,PrepareDinner
06/03/2008 19:02:43,GroceriesCupboard,PrepareDinner
06/03/2008 19:05:02,Microwave,PrepareDinner
06/03/2008 19:08:13,PansCupboard,PrepareDinner
06/03/2008 19:10:47,GroceriesCupboard,PrepareDinner
06/03/2008 19:11:03,PlatesCupboard,PrepareDinner
06/03/2008 19:15:18,Fridge,PrepareDinner
06/03/2008 19:21:42,PansCupboard,PrepareDinner
06/03/2008 19:25:19,PansCupboard,PrepareDinner
06/03/2008 19:35:30,PlatesCupboard,PrepareDinner
06/03/2008 19:40:05,Fridge,GetDrink
06/03/2008 19:40:18,Fridge,GetDrink
06/03/2008 19:53:38,Dishwasher,None
06/03/2008 19:53:44,Dishwasher,None
06/03/2008 19:54:35,PlatesCupboard,None
06/03/2008 19:54:46,PansCupboard,None
06/03/2008 19:55:20,PlatesCupboard,None
06/03/2008 19:55:55,CupsCupboard,None
06/03/2008 19:56:53,PansCupboard,None
06/03/2008 19:56:59,PansCupboard,None
06/03/2008 19:57:30,CupsCupboard,None
06/03/2008 19:57:33,CupsCupboard,None
06/03/2008 19:57:40,CupsCupboard,None
06/03/2008 19:57:41,PlatesCupboard,None
06/03/2008 19:59:43,Freezer,None
06/03/2008 20:00:14,PansCupboard,None
06/03/2008 20:05:18,Dishwasher,None
06/03/2008 20:11:33,Dishwasher,None
06/03/2008 20:12:36,PansCupboard,None
06/03/2008 20:12:40,PansCupboard,None
06/03/2008 20:14:36,PansCupboard,None
06/03/2008 20:16:48,GroceriesCupboard,None
06/03/2008 20:17:11,GroceriesCupboard,None
06/03/2008 20:31:05,PansCupboard,None
06/03/2008 20:31:09,PansCupboard,None
06/03/2008 20:32:24,PansCupboard,None
06/03/2008 20:33:04,PansCupboard,None
06/03/2008 21:34:43,GroceriesCupboard,None
06/03/2008 21:34:48,GroceriesCupboard,None
06/03/2008 21:35:11,GroceriesCupboard,None
06/03/2008 21:35:16,Freezer,None
06/03/2008 21:35:17,GroceriesCupboard,None
06/03/2008 21:35:29,GroceriesCupboard,None
06/03/2008 21:37:18,GroceriesCupboard,None
06/03/2008 21:37:36,CupsCupboard,GetDrink
06/03/2008 21:37:39,Fridge,GetDrink
06/03/2008 22:44:19,HallBathroomDoor,UseToilet
06/03/2008 22:46:37,ToiletFlush,UseToilet
06/03/2008 22:46:39,HallBathroomDoor,UseToilet
06/03/2008 22:46:41,HallToiletDoor,UseToilet
06/03/2008 22:47:13,HallToiletDoor,UseToilet
06/03/2008 23:14:49,HallToiletDoor,None
06/03/2008 23:14:54,HallToiletDoor,None
06/03/2008 23:17:07,HallBathroomDoor,UseToilet
06/03/2008 23:18:29,HallBathroomDoor,UseToilet
06/03/2008 23:18:31,ToiletFlush,UseToilet
06/03/2008 23:18:41,HallBathroomDoor,UseToilet
07/03/2008 6:59:18,HallBedroomDoor,GoToBed
07/03/2008 6:59:24,HallBedroomDoor,GoToBed
07/03/2008 6:59:56,HallBathroomDoor,UseToilet
07/03/2008 7:00:34,HallBathroomDoor,UseToilet
07/03/2008 8:38:55,HallBedroomDoor,GoToBed
07/03/2008 8:38:59,HallBedroomDoor,GoToBed
07/03/2008 8:44:11,HallBathroomDoor,UseToilet
07/03/2008 8:45:00,ToiletFlush,UseToilet
07/03/2008 8:45:05,HallBathroomDoor,UseToilet
07/03/2008 8:49:16,Fridge,GetDrink
07/03/2008 8:49:35,CupsCupboard,GetDrink
07/03/2008 8:49:47,Fridge,GetDrink
07/03/2008 8:50:15,PlatesCupboard,PrepareBreakfast
07/03/2008 8:50:21,GroceriesCupboard,PrepareBreakfast
07/03/2008 8:50:39,Fridge,PrepareBreakfast
07/03/2008 8:51:07,Fridge,PrepareBreakfast
07/03/2008 9:07:51,HallToiletDoor,TakeShower
07/03/2008 9:15:39,HallToiletDoor,TakeShower
07/03/2008 9:29:11,Frontdoor,LeaveHouse
07/03/2008 9:29:15,Frontdoor,LeaveHouse
08/03/2008 1:07:48,Frontdoor,LeaveHouse
08/03/2008 1:12:18,CupsCupboard,GetDrink
08/03/2008 1:12:23,CupsCupboard,GetDrink
08/03/2008 1:12:26,CupsCupboard,GetDrink
08/03/2008 1:12:32,CupsCupboard,GetDrink
08/03/2008 1:12:44,CupsCupboard,None
08/03/2008 1:13:09,CupsCupboard,None
08/03/2008 1:13:45,CupsCupboard,None
08/03/2008 1:14:20,CupsCupboard,None
08/03/2008 1:14:22,Fridge,None
08/03/2008 3:21:38,HallToiletDoor,UseToilet
08/03/2008 3:21:45,HallToiletDoor,UseToilet
08/03/2008 3:21:57,HallToiletDoor,UseToilet
08/03/2008 3:22:22,HallToiletDoor,UseToilet
08/03/2008 3:22:38,HallBathroomDoor,UseToilet
08/03/2008 3:23:05,HallToiletDoor,UseToilet
08/03/2008 3:23:08,HallBathroomDoor,UseToilet
08/03/2008 3:26:05,HallBedroomDoor,GoToBed
08/03/2008 8:20:20,HallBedroomDoor,GoToBed
08/03/2008 8:20:25,HallBedroomDoor,GoToBed
08/03/2008 8:20:52,HallBathroomDoor,UseToilet
08/03/2008 8:21:41,ToiletFlush,UseToilet
08/03/2008 8:21:47,HallBathroomDoor,UseToilet
08/03/2008 8:22:01,CupsCupboard,GetDrink
08/03/2008 8:22:09,Fridge,GetDrink
08/03/2008 8:22:48,Fridge,GetDrink
08/03/2008 8:33:10,HallBathroomDoor,UseToilet
08/03/2008 8:35:35,ToiletFlush,UseToilet
08/03/2008 8:35:36,HallBathroomDoor,UseToilet
08/03/2008 8:35:37,HallBathroomDoor,UseToilet
08/03/2008 8:35:40,ToiletFlush,UseToilet
08/03/2008 8:35:45,HallToiletDoor,UseToilet
08/03/2008 8:35:46,ToiletFlush,UseToilet
08/03/2008 8:35:48,HallBathroomDoor,UseToilet
08/03/2008 8:46:00,HallBathroomDoor,None
08/03/2008 10:00:29,HallBathroomDoor,UseToilet
08/03/2008 10:00:34,HallBathroomDoor,UseToilet
08/03/2008 10:01:35,ToiletFlush,UseToilet
08/03/2008 10:26:10,HallBedroomDoor,GoToBed
08/03/2008 10:26:14,HallBedroomDoor,GoToBed
08/03/2008 10:26:30,PansCupboard,PrepareBreakfast
08/03/2008 10:26:36,Dishwasher,PrepareBreakfast
08/03/2008 10:27:46,PlatesCupboard,PrepareBreakfast
08/03/2008 10:27:50,Freezer,PrepareBreakfast
08/03/2008 10:29:41,Fridge,PrepareBreakfast
08/03/2008 10:56:24,Fridge,None
08/03/2008 11:08:13,HallToiletDoor,None
08/03/2008 11:08:18,HallToiletDoor,None
08/03/2008 11:12:29,HallBathroomDoor,UseToilet
08/03/2008 11:12:33,HallToiletDoor,UseToilet
08/03/2008 11:15:03,ToiletFlush,UseToilet
08/03/2008 11:15:06,HallBathroomDoor,UseToilet
08/03/2008 11:15:42,HallToiletDoor,None
08/03/2008 11:22:57,HallToiletDoor,TakeShower
08/03/2008 11:23:02,HallToiletDoor,TakeShower
08/03/2008 11:36:02,Frontdoor,LeaveHouse
08/03/2008 11:36:06,Frontdoor,LeaveHouse
10/03/2008 6:18:29,Frontdoor,LeaveHouse
10/03/2008 6:19:34,HallBedroomDoor,GoToBed
10/03/2008 6:19:39,HallBedroomDoor,GoToBed
10/03/2008 6:20:27,HallBathroomDoor,UseToilet
10/03/2008 6:20:52,ToiletFlush,UseToilet
10/03/2008 6:21:17,Frontdoor,None
10/03/2008 8:33:33,HallBedroomDoor,GoToBed
10/03/2008 8:33:38,HallBedroomDoor,GoToBed
10/03/2008 8:35:14,HallBathroomDoor,UseToilet
10/03/2008 8:35:41,ToiletFlush,UseToilet
10/03/2008 8:35:44,HallBathroomDoor,UseToilet
10/03/2008 8:49:53,HallBathroomDoor,UseToilet
10/03/2008 8:51:26,ToiletFlush,UseToilet
10/03/2008 8:51:29,HallBathroomDoor,UseToilet
10/03/2008 8:51:31,HallToiletDoor,UseToilet
10/03/2008 9:08:00,HallBathroomDoor,None
10/03/2008 9:08:05,HallBathroomDoor,None
10/03/2008 9:25:57,HallToiletDoor,None
10/03/2008 9:26:02,HallToiletDoor,None
10/03/2008 9:26:09,PlatesCupboard,PrepareBreakfast
10/03/2008 9:26:14,GroceriesCupboard,PrepareBreakfast
10/03/2008 9:26:27,Fridge,PrepareBreakfast
10/03/2008 9:26:51,Fridge,PrepareBreakfast
10/03/2008 9:35:37,Dishwasher,None
10/03/2008 9:35:42,Dishwasher,None
10/03/2008 9:41:39,Dishwasher,None
10/03/2008 9:47:28,HallToiletDoor,TakeShower
10/03/2008 9:55:19,HallToiletDoor,TakeShower
10/03/2008 9:55:24,HallToiletDoor,TakeShower
10/03/2008 10:29:42,Frontdoor,LeaveHouse
10/03/2008 10:29:47,Frontdoor,LeaveHouse
10/03/2008 10:30:31,Frontdoor,LeaveHouse
10/03/2008 19:23:47,Frontdoor,LeaveHouse
10/03/2008 19:25:35,ToiletFlush,UseToilet
10/03/2008 19:33:39,Fridge,PrepareDinner
10/03/2008 19:33:45,Fridge,PrepareDinner
10/03/2008 19:33:52,GroceriesCupboard,PrepareDinner
10/03/2008 19:39:41,Freezer,PrepareDinner
10/03/2008 19:39:46,Freezer,PrepareDinner
10/03/2008 19:40:55,GroceriesCupboard,PrepareDinner
10/03/2008 19:44:43,Fridge,PrepareDinner
10/03/2008 19:50:34,Freezer,PrepareDinner
10/03/2008 19:50:39,Freezer,PrepareDinner
10/03/2008 20:09:50,PlatesCupboard,PrepareDinner
10/03/2008 20:09:55,PlatesCupboard,PrepareDinner
10/03/2008 20:11:03,Fridge,GetDrink
10/03/2008 20:11:08,Fridge,GetDrink
10/03/2008 20:11:15,Fridge,GetDrink
10/03/2008 20:11:28,Fridge,GetDrink
10/03/2008 20:11:52,CupsCupboard,GetDrink
10/03/2008 20:54:33,ToiletFlush,UseToilet
10/03/2008 20:54:36,HallToiletDoor,UseToilet
10/03/2008 20:54:37,ToiletFlush,UseToilet
10/03/2008 21:29:38,Freezer,None
10/03/2008 21:32:03,Freezer,GetDrink
10/03/2008 21:32:35,Freezer,GetDrink
10/03/2008 21:32:48,Fridge,GetDrink
10/03/2008 21:33:00,Fridge,GetDrink
10/03/2008 21:33:05,CupsCupboard,GetDrink
10/03/2008 21:33:11,Dishwasher,None
10/03/2008 21:38:16,GroceriesCupboard,None
10/03/2008 22:03:49,ToiletFlush,UseToilet
10/03/2008 22:03:53,ToiletFlush,UseToilet
10/03/2008 22:03:59,HallToiletDoor,UseToilet
11/03/2008 6:51:10,HallBedroomDoor,GoToBed
11/03/2008 6:51:14,HallBedroomDoor,GoToBed
11/03/2008 6:52:49,ToiletFlush,UseToilet
11/03/2008 6:53:09,HallBedroomDoor,GoToBed
11/03/2008 8:43:38,HallBedroomDoor,GoToBed
11/03/2008 8:43:43,HallBedroomDoor,GoToBed
11/03/2008 9:01:53,ToiletFlush,UseToilet
11/03/2008 9:01:57,ToiletFlush,UseToilet
11/03/2008 9:18:13,ToiletFlush,UseToilet
11/03/2008 9:18:17,ToiletFlush,UseToilet
11/03/2008 9:18:32,HallToiletDoor,TakeShower
11/03/2008 9:18:38,HallToiletDoor,TakeShower
11/03/2008 9:26:38,HallToiletDoor,TakeShower
11/03/2008 9:26:42,HallToiletDoor,TakeShower
11/03/2008 9:33:50,Frontdoor,LeaveHouse
11/03/2008 17:57:20,Frontdoor,LeaveHouse
11/03/2008 17:58:11,Freezer,PrepareDinner
11/03/2008 18:02:32,PlatesCupboard,PrepareDinner
11/03/2008 18:12:24,Freezer,PrepareDinner
11/03/2008 18:12:29,Freezer,PrepareDinner
11/03/2008 18:16:05,CupsCupboard,GetDrink
11/03/2008 18:16:09,Fridge,GetDrink
11/03/2008 18:29:01,HallToiletDoor,UseToilet
11/03/2008 18:30:35,ToiletFlush,UseToilet
11/03/2008 18:35:12,Frontdoor,LeaveHouse
11/03/2008 18:35:16,Frontdoor,LeaveHouse
11/03/2008 20:38:37,HallToiletDoor,LeaveHouse
11/03/2008 20:38:42,HallToiletDoor,LeaveHouse
11/03/2008 20:41:05,Frontdoor,LeaveHouse
11/03/2008 20:48:12,Fridge,GetDrink
11/03/2008 20:48:37,Fridge,GetDrink
11/03/2008 20:51:40,Fridge,GetDrink
11/03/2008 21:13:51,Fridge,GetDrink
11/03/2008 21:14:07,CupsCupboard,GetDrink
11/03/2008 21:14:12,Fridge,GetDrink
11/03/2008 21:52:44,ToiletFlush,UseToilet
11/03/2008 21:52:49,ToiletFlush,UseToilet
11/03/2008 21:53:15,HallToiletDoor,UseToilet
11/03/2008 21:53:39,HallToiletDoor,UseToilet
12/03/2008 3:04:52,HallBedroomDoor,GoToBed
12/03/2008 3:04:57,HallBedroomDoor,UseToilet
12/03/2008 3:05:36,ToiletFlush,UseToilet
12/03/2008 8:41:26,HallBedroomDoor,GoToBed
12/03/2008 8:42:49,ToiletFlush,UseToilet
12/03/2008 9:48:45,Fridge,PrepareBreakfast
12/03/2008 9:48:50,Fridge,PrepareBreakfast
12/03/2008 9:49:00,Freezer,PrepareBreakfast
12/03/2008 9:49:44,PlatesCupboard,PrepareBreakfast
12/03/2008 9:50:01,Freezer,PrepareBreakfast
12/03/2008 9:51:25,Fridge,PrepareBreakfast
12/03/2008 9:52:09,Fridge,PrepareBreakfast
12/03/2008 9:59:31,CupsCupboard,GetDrink
12/03/2008 9:59:34,Fridge,GetDrink
12/03/2008 11:04:11,ToiletFlush,UseToilet
12/03/2008 11:04:15,HallToiletDoor,UseToilet
12/03/2008 11:04:15,ToiletFlush,UseToilet
12/03/2008 11:10:10,Frontdoor,LeaveHouse
12/03/2008 12:21:19,Frontdoor,LeaveHouse
12/03/2008 12:41:24,HallToiletDoor,TakeShower
12/03/2008 12:46:23,HallToiletDoor,TakeShower
12/03/2008 12:54:29,Frontdoor,LeaveHouse
12/03/2008 12:55:35,Frontdoor,LeaveHouse
13/03/2008 0:52:47,Frontdoor,LeaveHouse
13/03/2008 0:54:23,Freezer,None
13/03/2008 0:54:42,PlatesCupboard,None
13/03/2008 0:55:28,GroceriesCupboard,None
13/03/2008 0:56:06,GroceriesCupboard,None
13/03/2008 1:18:41,HallToiletDoor,UseToilet
13/03/2008 1:20:44,ToiletFlush,UseToilet
13/03/2008 1:20:50,HallToiletDoor,UseToilet
13/03/2008 1:23:58,HallToiletDoor,None
13/03/2008 6:27:53,HallBedroomDoor,GoToBed
13/03/2008 6:27:59,HallBedroomDoor,GoToBed
13/03/2008 6:28:42,ToiletFlush,UseToilet
13/03/2008 6:30:12,HallToiletDoor,None
13/03/2008 8:21:52,HallBedroomDoor,GoToBed
13/03/2008 8:21:58,HallBedroomDoor,GoToBed
13/03/2008 8:22:20,HallToiletDoor,UseToilet
13/03/2008 8:22:49,ToiletFlush,UseToilet
13/03/2008 8:22:57,HallToiletDoor,UseToilet
13/03/2008 9:19:50,PlatesCupboard,PrepareBreakfast
13/03/2008 9:19:56,GroceriesCupboard,PrepareBreakfast
13/03/2008 9:20:10,GroceriesCupboard,PrepareBreakfast
13/03/2008 9:20:15,GroceriesCupboard,PrepareBreakfast
13/03/2008 9:20:18,GroceriesCupboard,PrepareBreakfast
13/03/2008 9:20:19,Fridge,PrepareBreakfast
13/03/2008 9:41:13,HallToiletDoor,TakeShower
13/03/2008 9:47:44,HallToiletDoor,TakeShower
13/03/2008 9:47:49,HallToiletDoor,TakeShower
13/03/2008 9:57:47,Frontdoor,LeaveHouse
13/03/2008 17:50:08,Frontdoor,LeaveHouse
13/03/2008 17:53:15,HallBathroomDoor,UseToilet
13/03/2008 17:54:07,ToiletFlush,UseToilet
13/03/2008 17:54:09,HallBathroomDoor,UseToilet
13/03/2008 17:54:13,ToiletFlush,UseToilet
13/03/2008 18:39:18,GroceriesCupboard,None
13/03/2008 18:39:23,GroceriesCupboard,None
13/03/2008 18:39:43,CupsCupboard,None
13/03/2008 18:40:02,GroceriesCupboard,None
13/03/2008 18:54:56,HallBathroomDoor,None
13/03/2008 18:55:01,HallBathroomDoor,None
13/03/2008 18:56:02,Microwave,None
13/03/2008 19:00:50,HallBedroomDoor,None
13/03/2008 19:07:25,Frontdoor,LeaveHouse
13/03/2008 19:07:30,Frontdoor,LeaveHouse
13/03/2008 20:26:57,Frontdoor,LeaveHouse
13/03/2008 20:27:02,Frontdoor,LeaveHouse
13/03/2008 20:31:27,HallBathroomDoor,UseToilet
13/03/2008 20:33:02,ToiletFlush,UseToilet
13/03/2008 20:33:05,HallBathroomDoor,UseToilet
13/03/2008 20:33:23,HallToiletDoor,UseToilet
13/03/2008 20:33:50,Frontdoor,LeaveHouse
13/03/2008 20:34:13,Frontdoor,LeaveHouse
13/03/2008 20:34:24,Frontdoor,LeaveHouse
14/03/2008 0:34:58,Frontdoor,LeaveHouse
14/03/2008 0:36:03,Fridge,None
14/03/2008 0:36:15,Fridge,None
14/03/2008 0:37:50,HallToiletDoor,UseToilet
14/03/2008 0:38:17,HallBathroomDoor,UseToilet
14/03/2008 0:39:05,HallBathroomDoor,UseToilet
14/03/2008 0:45:13,HallBedroomDoor,GoToBed
14/03/2008 0:45:17,HallBedroomDoor,GoToBed
14/03/2008 0:45:32,HallToiletDoor,None
14/03/2008 5:29:05,HallBedroomDoor,GoToBed
14/03/2008 5:29:10,HallBedroomDoor,GoToBed
14/03/2008 5:29:13,HallBathroomDoor,UseToilet
14/03/2008 5:34:34,ToiletFlush,UseToilet
14/03/2008 5:34:41,HallToiletDoor,UseToilet
14/03/2008 5:34:49,HallToiletDoor,UseToilet
14/03/2008 5:34:56,ToiletFlush,UseToilet
14/03/2008 5:34:59,HallBathroomDoor,UseToilet
14/03/2008 5:35:21,ToiletFlush,UseToilet
14/03/2008 5:36:05,ToiletFlush,UseToilet
14/03/2008 5:38:38,ToiletFlush,UseToilet
14/03/2008 5:39:16,HallBathroomDoor,UseToilet
14/03/2008 5:39:21,HallToiletDoor,UseToilet
14/03/2008 8:58:44,HallBedroomDoor,GoToBed
14/03/2008 8:58:49,HallBedroomDoor,GoToBed
14/03/2008 8:59:04,HallToiletDoor,None
14/03/2008 9:12:53,HallBathroomDoor,UseToilet
14/03/2008 9:13:55,ToiletFlush,UseToilet
14/03/2008 9:14:01,HallBathroomDoor,UseToilet
14/03/2008 9:14:06,ToiletFlush,UseToilet
14/03/2008 9:15:03,PlatesCupboard,PrepareBreakfast
14/03/2008 9:15:18,GroceriesCupboard,PrepareBreakfast
14/03/2008 9:15:28,Fridge,PrepareBreakfast
14/03/2008 9:18:05,PlatesCupboard,PrepareBreakfast
14/03/2008 9:57:21,HallBathroomDoor,UseToilet
14/03/2008 9:59:06,ToiletFlush,UseToilet
14/03/2008 10:00:25,HallBathroomDoor,UseToilet
14/03/2008 10:00:30,HallToiletDoor,UseToilet
14/03/2008 10:31:18,HallToiletDoor,TakeShower
14/03/2008 10:31:23,HallToiletDoor,TakeShower
14/03/2008 10:40:42,HallToiletDoor,TakeShower
14/03/2008 10:40:47,HallToiletDoor,TakeShower
14/03/2008 10:49:25,Frontdoor,LeaveHouse
14/03/2008 17:13:24,Frontdoor,LeaveHouse
14/03/2008 17:13:55,Fridge,None
14/03/2008 17:14:11,PlatesCupboard,None
14/03/2008 17:14:15,Microwave,None
14/03/2008 17:14:23,Fridge,None
14/03/2008 17:15:20,Microwave,None
14/03/2008 17:20:02,HallBathroomDoor,UseToilet
14/03/2008 17:20:40,HallBathroomDoor,UseToilet
14/03/2008 17:55:46,Frontdoor,LeaveHouse
14/03/2008 22:54:57,Frontdoor,LeaveHouse
14/03/2008 22:55:43,PlatesCupboard,None
14/03/2008 22:55:51,Fridge,None
14/03/2008 22:56:02,Fridge,None
14/03/2008 22:56:06,Microwave,None
14/03/2008 22:57:51,Microwave,None
14/03/2008 23:04:25,HallBathroomDoor,UseToilet
14/03/2008 23:05:07,ToiletFlush,UseToilet
14/03/2008 23:05:10,HallBathroomDoor,UseToilet
14/03/2008 23:57:17,HallBathroomDoor,UseToilet
14/03/2008 23:57:54,ToiletFlush,UseToilet
14/03/2008 23:57:57,HallBathroomDoor,UseToilet
14/03/2008 23:58:01,HallToiletDoor,UseToilet
15/03/2008 4:06:49,HallBedroomDoor,GoToBed
15/03/2008 4:06:54,HallBedroomDoor,GoToBed
15/03/2008 4:07:01,HallBathroomDoor,UseToilet
15/03/2008 4:07:48,HallBathroomDoor,UseToilet
15/03/2008 8:59:44,HallBedroomDoor,UseToilet
15/03/2008 8:59:47,HallBathroomDoor,UseToilet
15/03/2008 8:59:50,HallBathroomDoor,UseToilet
15/03/2008 8:59:56,HallBedroomDoor,GoToBed
15/03/2008 9:00:17,ToiletFlush,UseToilet
15/03/2008 9:01:27,HallBedroomDoor,GoToBed
15/03/2008 9:53:28,HallBedroomDoor,GoToBed
15/03/2008 9:53:34,HallBedroomDoor,GoToBed
15/03/2008 10:07:09,HallBathroomDoor,UseToilet
15/03/2008 10:09:02,ToiletFlush,UseToilet
15/03/2008 10:09:03,ToiletFlush,UseToilet
15/03/2008 10:09:05,HallBathroomDoor,UseToilet
15/03/2008 10:09:07,HallToiletDoor,UseToilet
15/03/2008 10:09:43,Fridge,PrepareBreakfast
15/03/2008 10:09:48,Fridge,PrepareBreakfast
15/03/2008 10:10:01,PlatesCupboard,PrepareBreakfast
15/03/2008 10:10:06,GroceriesCupboard,PrepareBreakfast
15/03/2008 10:10:56,Fridge,PrepareBreakfast
15/03/2008 10:40:21,HallBathroomDoor,UseToilet
15/03/2008 10:41:08,HallBathroomDoor,UseToilet
15/03/2008 12:36:22,HallBathroomDoor,UseToilet
15/03/2008 12:37:10,HallBathroomDoor,UseToilet
15/03/2008 13:41:37,PlatesCupboard,None
15/03/2008 13:41:44,Fridge,None
15/03/2008 13:41:51,Microwave,None
15/03/2008 13:43:07,Microwave,None
15/03/2008 13:56:02,HallBathroomDoor,UseToilet
15/03/2008 13:56:06,HallBathroomDoor,UseToilet
15/03/2008 14:05:03,HallBathroomDoor,UseToilet
15/03/2008 14:05:08,HallBathroomDoor,UseToilet
15/03/2008 14:30:34,HallBathroomDoor,UseToilet
15/03/2008 14:31:51,ToiletFlush,UseToilet
15/03/2008 14:31:55,HallBathroomDoor,UseToilet
15/03/2008 14:31:56,ToiletFlush,UseToilet
15/03/2008 14:35:11,HallToiletDoor,TakeShower
15/03/2008 14:45:07,HallToiletDoor,TakeShower
15/03/2008 14:45:11,HallToiletDoor,TakeShower
15/03/2008 15:39:31,Washingmachine,None
15/03/2008 15:39:37,Washingmachine,None
15/03/2008 15:42:02,Dishwasher,None
15/03/2008 15:42:13,PlatesCupboard,None
15/03/2008 15:43:30,CupsCupboard,None
15/03/2008 15:44:49,CupsCupboard,None
15/03/2008 15:45:27,PlatesCupboard,None
15/03/2008 15:46:50,GroceriesCupboard,None
15/03/2008 16:10:13,Dishwasher,None
15/03/2008 18:02:04,Washingmachine,None
15/03/2008 18:02:09,Washingmachine,None
15/03/2008 18:15:29,GroceriesCupboard,PrepareDinner
15/03/2008 18:15:34,GroceriesCupboard,PrepareDinner
15/03/2008 18:15:44,Freezer,PrepareDinner
15/03/2008 18:16:25,Microwave,PrepareDinner
15/03/2008 18:26:06,PlatesCupboard,PrepareDinner
15/03/2008 18:26:33,Microwave,PrepareDinner
15/03/2008 18:38:51,Microwave,PrepareDinner
15/03/2008 18:38:56,Microwave,PrepareDinner
15/03/2008 18:55:17,CupsCupboard,GetDrink
15/03/2008 18:55:23,Fridge,GetDrink
15/03/2008 18:55:42,Fridge,GetDrink
15/03/2008 19:34:00,Washingmachine,None
15/03/2008 19:34:05,Washingmachine,None
15/03/2008 19:34:30,Washingmachine,None
15/03/2008 19:44:07,HallBathroomDoor,UseToilet
15/03/2008 19:44:10,HallToiletDoor,UseToilet
15/03/2008 19:44:42,ToiletFlush,UseToilet
15/03/2008 19:44:46,ToiletFlush,UseToilet
15/03/2008 19:44:54,HallBathroomDoor,UseToilet
15/03/2008 19:45:29,Frontdoor,LeaveHouse
17/03/2008 5:44:23,HallBedroomDoor,GoToBed
17/03/2008 5:44:28,HallBedroomDoor,GoToBed
17/03/2008 5:44:30,HallBathroomDoor,UseToilet
17/03/2008 5:45:03,ToiletFlush,UseToilet
17/03/2008 5:45:06,HallBathroomDoor,UseToilet
17/03/2008 8:10:11,HallBedroomDoor,GoToBed
17/03/2008 8:10:16,HallBedroomDoor,GoToBed
17/03/2008 8:30:09,HallBathroomDoor,UseToilet
17/03/2008 8:30:46,ToiletFlush,UseToilet
17/03/2008 8:31:05,HallBathroomDoor,UseToilet
17/03/2008 8:32:00,PlatesCupboard,PrepareBreakfast
17/03/2008 8:32:09,GroceriesCupboard,PrepareBreakfast
17/03/2008 8:32:29,Fridge,PrepareBreakfast
17/03/2008 8:32:50,Fridge,PrepareBreakfast
17/03/2008 8:54:15,HallToiletDoor,TakeShower
17/03/2008 8:54:20,HallToiletDoor,TakeShower
17/03/2008 9:02:25,HallToiletDoor,TakeShower
17/03/2008 9:02:30,HallToiletDoor,TakeShower
17/03/2008 9:09:34,HallBathroomDoor,UseToilet
17/03/2008 9:12:10,ToiletFlush,UseToilet
17/03/2008 9:13:52,ToiletFlush,UseToilet
17/03/2008 9:13:55,HallBathroomDoor,UseToilet
17/03/2008 9:14:02,HallBathroomDoor,UseToilet
17/03/2008 9:14:05,HallBathroomDoor,UseToilet
17/03/2008 9:14:11,HallBathroomDoor,UseToilet
17/03/2008 9:14:49,HallToiletDoor,None
17/03/2008 9:16:30,Frontdoor,LeaveHouse
17/03/2008 19:11:21,Frontdoor,LeaveHouse
17/03/2008 19:13:14,HallBathroomDoor,UseToilet
17/03/2008 19:13:50,HallBathroomDoor,UseToilet
17/03/2008 19:13:51,ToiletFlush,UseToilet
17/03/2008 19:43:38,PansCupboard,PrepareDinner
17/03/2008 19:43:42,PansCupboard,PrepareDinner
17/03/2008 19:43:54,Dishwasher,PrepareDinner
17/03/2008 19:49:31,PansCupboard,PrepareDinner
17/03/2008 19:50:36,PansCupboard,PrepareDinner
17/03/2008 19:50:58,PlatesCupboard,PrepareDinner
17/03/2008 19:53:11,PlatesCupboard,PrepareDinner
17/03/2008 19:53:39,CupsCupboard,PrepareDinner
17/03/2008 20:02:42,GroceriesCupboard,PrepareDinner
17/03/2008 20:02:47,GroceriesCupboard,PrepareDinner
17/03/2008 20:05:00,HallBathroomDoor,UseToilet
17/03/2008 20:06:31,ToiletFlush,UseToilet
17/03/2008 20:06:34,HallBathroomDoor,UseToilet
17/03/2008 20:08:24,PansCupboard,PrepareDinner
17/03/2008 20:08:32,PansCupboard,PrepareDinner
17/03/2008 20:08:39,PansCupboard,PrepareDinner
17/03/2008 20:09:01,PansCupboard,PrepareDinner
17/03/2008 20:12:26,PlatesCupboard,PrepareDinner
17/03/2008 20:17:08,CupsCupboard,GetDrink
17/03/2008 20:38:34,Freezer,None
17/03/2008 20:38:38,Freezer,None
17/03/2008 21:33:38,Fridge,None
17/03/2008 21:33:44,Fridge,GetDrink
17/03/2008 21:33:48,CupsCupboard,GetDrink
17/03/2008 21:33:51,CupsCupboard,GetDrink
17/03/2008 22:26:19,HallBathroomDoor,UseToilet
17/03/2008 22:27:03,ToiletFlush,UseToilet
17/03/2008 22:27:05,HallBathroomDoor,UseToilet
18/03/2008 0:48:19,HallBathroomDoor,UseToilet
18/03/2008 0:49:03,HallBathroomDoor,UseToilet
18/03/2008 0:49:04,ToiletFlush,UseToilet
18/03/2008 0:49:10,ToiletFlush,UseToilet
18/03/2008 0:49:10,HallToiletDoor,UseToilet
18/03/2008 0:52:34,HallBedroomDoor,GoToBed
18/03/2008 0:52:57,HallBedroomDoor,GoToBed
18/03/2008 6:22:43,HallBedroomDoor,GoToBed
18/03/2008 6:22:48,HallBedroomDoor,GoToBed
18/03/2008 6:23:18,HallBathroomDoor,UseToilet
18/03/2008 6:23:49,ToiletFlush,UseToilet
18/03/2008 6:23:55,HallBathroomDoor,UseToilet
18/03/2008 7:48:23,HallBedroomDoor,GoToBed
18/03/2008 7:48:28,HallBedroomDoor,GoToBed
18/03/2008 8:15:13,HallBathroomDoor,UseToilet
18/03/2008 8:16:24,ToiletFlush,UseToilet
18/03/2008 8:18:50,ToiletFlush,UseToilet
18/03/2008 8:18:54,HallBathroomDoor,UseToilet
18/03/2008 8:18:55,ToiletFlush,UseToilet
18/03/2008 8:19:14,ToiletFlush,UseToilet
18/03/2008 8:19:16,HallToiletDoor,UseToilet
18/03/2008 8:20:35,PlatesCupboard,PrepareBreakfast
18/03/2008 8:20:42,Freezer,PrepareBreakfast
18/03/2008 8:21:31,Freezer,PrepareBreakfast
18/03/2008 8:21:37,Microwave,PrepareBreakfast
18/03/2008 8:22:45,Microwave,PrepareBreakfast
18/03/2008 8:22:49,Fridge,PrepareBreakfast
18/03/2008 8:23:27,Fridge,PrepareBreakfast
18/03/2008 8:39:43,HallToiletDoor,TakeShower
18/03/2008 8:52:21,HallToiletDoor,TakeShower
18/03/2008 8:52:25,HallToiletDoor,TakeShower
18/03/2008 9:15:17,Frontdoor,LeaveHouse
18/03/2008 18:00:11,Frontdoor,LeaveHouse
18/03/2008 18:07:18,ToiletFlush,UseToilet
18/03/2008 18:07:21,ToiletFlush,UseToilet
18/03/2008 18:08:09,HallBathroomDoor,UseToilet
18/03/2008 18:21:40,HallBathroomDoor,UseToilet
18/03/2008 18:22:59,ToiletFlush,UseToilet
18/03/2008 18:23:35,HallBathroomDoor,UseToilet
18/03/2008 18:25:11,Frontdoor,LeaveHouse
18/03/2008 23:39:18,Frontdoor,LeaveHouse
18/03/2008 23:39:24,Frontdoor,LeaveHouse
19/03/2008 0:40:35,HallBathroomDoor,UseToilet
19/03/2008 0:41:15,HallBathroomDoor,UseToilet
19/03/2008 0:42:20,HallToiletDoor,None
19/03/2008 7:50:57,HallBedroomDoor,GoToBed
19/03/2008 7:51:02,HallBedroomDoor,GoToBed
19/03/2008 7:51:51,HallBathroomDoor,UseToilet
19/03/2008 7:51:54,HallToiletDoor,UseToilet
19/03/2008 7:51:57,HallToiletDoor,UseToilet
19/03/2008 8:43:19,HallBedroomDoor,GoToBed
19/03/2008 8:43:24,HallBedroomDoor,GoToBed
19/03/2008 9:38:33,Fridge,PrepareBreakfast
19/03/2008 9:38:44,GroceriesCupboard,PrepareBreakfast
19/03/2008 9:38:48,Freezer,PrepareBreakfast
19/03/2008 9:39:00,Fridge,PrepareBreakfast
19/03/2008 9:39:10,Microwave,PrepareBreakfast
19/03/2008 9:39:19,Freezer,PrepareBreakfast
19/03/2008 9:39:24,CupsCupboard,PrepareBreakfast
19/03/2008 9:40:27,Microwave,PrepareBreakfast
19/03/2008 9:48:33,HallBathroomDoor,UseToilet
19/03/2008 9:49:01,ToiletFlush,UseToilet
19/03/2008 9:49:04,HallBathroomDoor,UseToilet
19/03/2008 9:49:06,ToiletFlush,UseToilet
19/03/2008 9:58:54,HallToiletDoor,TakeShower
19/03/2008 9:58:59,HallToiletDoor,TakeShower
19/03/2008 10:09:11,Frontdoor,LeaveHouse
19/03/2008 10:09:16,Frontdoor,LeaveHouse
19/03/2008 17:15:12,Frontdoor,LeaveHouse
19/03/2008 17:19:55,HallToiletDoor,TakeShower
19/03/2008 17:21:57,HallToiletDoor,TakeShower
19/03/2008 17:26:44,Frontdoor,LeaveHouse
19/03/2008 20:19:40,Frontdoor,LeaveHouse
19/03/2008 20:46:23,HallBathroomDoor,UseToilet
19/03/2008 20:48:50,ToiletFlush,UseToilet
19/03/2008 20:48:53,HallBathroomDoor,UseToilet
19/03/2008 21:19:56,CupsCupboard,None
19/03/2008 21:20:24,GroceriesCupboard,None
19/03/2008 21:49:24,HallBathroomDoor,UseToilet
19/03/2008 21:51:29,ToiletFlush,UseToilet
19/03/2008 21:51:32,HallBathroomDoor,UseToilet
19/03/2008 21:51:36,HallBathroomDoor,UseToilet
19/03/2008 21:51:39,HallBathroomDoor,UseToilet
19/03/2008 21:51:46,HallBathroomDoor,UseToilet
19/03/2008 21:51:58,HallBathroomDoor,None
19/03/2008 21:52:22,HallBathroomDoor,None
19/03/2008 21:52:58,HallBathroomDoor,None
19/03/2008 21:53:01,HallToiletDoor,None
19/03/2008 21:53:34,HallBathroomDoor,None
19/03/2008 21:54:34,HallToiletDoor,None
20/03/2008 0:34:38,HallBedroomDoor,GoToBed
20/03/2008 0:34:42,HallBedroomDoor,GoToBed
20/03/2008 0:35:10,HallBathroomDoor,UseToilet
20/03/2008 0:35:39,ToiletFlush,UseToilet
20/03/2008 0:35:43,HallBathroomDoor,UseToilet
20/03/2008 0:35:44,ToiletFlush,UseToilet
20/03/2008 6:57:51,HallBedroomDoor,GoToBed
20/03/2008 6:57:55,HallBedroomDoor,GoToBed
20/03/2008 6:57:57,HallBathroomDoor,UseToilet
20/03/2008 6:58:15,HallBedroomDoor,UseToilet
20/03/2008 6:58:31,ToiletFlush,UseToilet
20/03/2008 6:58:33,HallBathroomDoor,UseToilet
20/03/2008 8:31:02,HallBedroomDoor,GoToBed
20/03/2008 8:31:07,HallBedroomDoor,GoToBed
20/03/2008 8:45:46,HallBathroomDoor,UseToilet
20/03/2008 8:46:55,ToiletFlush,UseToilet
20/03/2008 8:46:58,HallBathroomDoor,UseToilet
20/03/2008 9:12:04,PlatesCupboard,PrepareBreakfast
20/03/2008 9:12:11,Freezer,PrepareBreakfast
20/03/2008 9:12:14,PlatesCupboard,PrepareBreakfast
20/03/2008 9:12:26,PlatesCupboard,PrepareBreakfast
20/03/2008 9:12:30,Microwave,PrepareBreakfast
20/03/2008 9:12:40,Freezer,PrepareBreakfast
20/03/2008 9:13:44,Microwave,PrepareBreakfast
20/03/2008 9:14:18,GroceriesCupboard,PrepareBreakfast
20/03/2008 9:14:35,Fridge,PrepareBreakfast
20/03/2008 9:14:58,Fridge,PrepareBreakfast
20/03/2008 9:42:47,HallToiletDoor,TakeShower
20/03/2008 9:42:52,HallToiletDoor,TakeShower
20/03/2008 9:43:22,HallToiletDoor,TakeShower
20/03/2008 9:49:49,HallToiletDoor,TakeShower
20/03/2008 9:49:54,HallToiletDoor,TakeShower
20/03/2008 9:57:13,Frontdoor,LeaveHouse
20/03/2008 22:49:21,Frontdoor,LeaveHouse
20/03/2008 22:49:24,Frontdoor,LeaveHouse
20/03/2008 22:51:15,HallToiletDoor,UseToilet
20/03/2008 22:51:18,HallBathroomDoor,UseToilet
20/03/2008 22:52:40,ToiletFlush,UseToilet
20/03/2008 22:55:00,ToiletFlush,UseToilet
20/03/2008 22:55:03,HallBathroomDoor,UseToilet
20/03/2008 22:55:09,HallToiletDoor,UseToilet
20/03/2008 23:36:24,HallBathroomDoor,UseToilet
20/03/2008 23:40:24,ToiletFlush,UseToilet
20/03/2008 23:40:31,HallBathroomDoor,UseToilet
20/03/2008 23:40:42,HallToiletDoor,UseToilet
20/03/2008 23:56:38,HallToiletDoor,None
20/03/2008 23:56:42,HallToiletDoor,None
20/03/2008 23:58:46,HallBathroomDoor,UseToilet
20/03/2008 23:58:48,HallBathroomDoor,UseToilet
20/03/2008 23:59:15,ToiletFlush,UseToilet
20/03/2008 23:59:17,HallBathroomDoor,UseToilet
20/03/2008 23:59:27,HallToiletDoor,UseToilet
21/03/2008 0:00:11,HallBedroomDoor,GoToBed
21/03/2008 3:49:47,HallBedroomDoor,GoToBed
21/03/2008 3:49:54,HallBathroomDoor,UseToilet
21/03/2008 3:49:58,HallBedroomDoor,UseToilet
21/03/2008 3:50:40,ToiletFlush,UseToilet
21/03/2008 8:30:54,HallBedroomDoor,GoToBed
21/03/2008 8:31:00,HallBathroomDoor,UseToilet
21/03/2008 8:31:25,ToiletFlush,UseToilet
21/03/2008 8:31:28,HallBathroomDoor,UseToilet
21/03/2008 9:04:21,HallBedroomDoor,GoToBed
21/03/2008 9:04:26,HallBedroomDoor,GoToBed
21/03/2008 9:13:25,HallBathroomDoor,UseToilet
21/03/2008 9:14:19,ToiletFlush,UseToilet
21/03/2008 9:14:25,HallBathroomDoor,UseToilet
21/03/2008 9:17:57,HallToiletDoor,TakeShower
21/03/2008 9:24:18,HallToiletDoor,TakeShower
21/03/2008 9:24:23,HallToiletDoor,TakeShower
21/03/2008 9:42:35,Frontdoor,LeaveHouse
21/03/2008 15:50:16,Frontdoor,LeaveHouse
21/03/2008 15:52:04,HallBathroomDoor,UseToilet
21/03/2008 15:52:54,ToiletFlush,UseToilet
21/03/2008 15:52:54,HallBathroomDoor,UseToilet
21/03/2008 15:53:03,HallToiletDoor,UseToilet
21/03/2008 15:54:06,HallToiletDoor,None
21/03/2008 15:57:07,GroceriesCupboard,None
21/03/2008 15:57:52,Fridge,None
21/03/2008 17:03:54,HallBedroomDoor,GoToBed
21/03/2008 17:06:52,HallBedroomDoor,GoToBed
21/03/2008 17:06:57,HallBedroomDoor,GoToBed
21/03/2008 18:05:09,HallBedroomDoor,GoToBed
21/03/2008 18:24:31,HallToiletDoor,UseToilet
21/03/2008 18:24:38,HallToiletDoor,UseToilet
21/03/2008 18:24:50,HallToiletDoor,UseToilet
21/03/2008 18:25:15,HallBathroomDoor,None
21/03/2008 18:27:46,Fridge,None
21/03/2008 18:27:57,Fridge,None
21/03/2008 18:28:00,Fridge,None
21/03/2008 18:28:19,Freezer,None
21/03/2008 19:11:10,Frontdoor,LeaveHouse
23/03/2008 19:04:46,Frontdoor,LeaveHouse
